customer_id,join_date,Tenure_days,Recency_days,Frequency_orders,last_purchase_days,Target_Code
blu***e7178,2025-04-08,267,192,8,251.0,"['G04_WINBACK', 'G05_SPRING', 'G05_SUMMER', 'G05_AUTUMN', 'G05_WINTER']"
moo***xc5364,2025-07-10,174,140,8,142.0,"['G04_WINBACK', 'G05_SPRING', 'G05_SUMMER', 'G05_AUTUMN', 'G05_WINTER']"
sun***lu9327,2025-12-19,12,7,0,,"['G01_WELCOME', 'G05_SPRING', 'G05_SUMMER', 'G05_AUTUMN', 'G05_WINTER']"
sta***8266,2025-05-31,214,123,7,208.0,"['G04_WINBACK', 'G05_SPRING', 'G05_SUMMER', 'G05_AUTUMN', 'G05_WINTER']"
sky***052,2025-01-26,339,177,3,272.0,"['G04_WINBACK', 'G05_SPRING', 'G05_SUMMER', 'G05_AUTUMN', 'G05_WINTER']"
hap***p3277,2025-12-18,13,3,0,,"['G01_WELCOME', 'G05_SPRING', 'G05_SUMMER', 'G05_AUTUMN', 'G05_WINTER']"
gue***ec9033,2025-07-02,182,91,0,,"['G04_WINBACK', 'G05_SPRING', 'G05_SUMMER', 'G05_AUTUMN', 'G05_WINTER']"
lov***f6823,2025-12-19,12,6,0,,"['G01_WELCOME', 'G05_SPRING', 'G05_SUMMER', 'G05_AUTUMN', 'G05_WINTER']"
use***3643,2025-06-26,188,116,8,148.0,"['G04_WINBACK', 'G05_SPRING', 'G05_SUMMER', 'G05_AUTUMN', 'G05_WINTER']"
sun***zy1126,2025-12-29,2,0,0,,"['G01_WELCOME', 'G05_SPRING', 'G05_SUMMER', 'G05_AUTUMN', 'G05_WINTER']"
use***1809,2025-12-15,16,3,1,3.0,"['G02_ROUTINE', 'G05_SPRING', 'G05_SUMMER', 'G05_AUTUMN', 'G05_WINTER']"
sun***mj9312,2025-08-03,150,112,0,,"['G04_WINBACK', 'G05_SPRING', 'G05_SUMMER', 'G05_AUTUMN', 'G05_WINTER']"
gue***f8154,2025-05-01,244,112,3,176.0,"['G04_WINBACK', 'G05_SPRING', 'G05_SUMMER', 'G05_AUTUMN', 'G05_WINTER']"
lee***654,2025-08-23,130,69,14,104.0,"['G03_REPURCHASE', 'G05_SPRING', 'G05_SUMMER', 'G05_AUTUMN', 'G05_WINTER']"
jun***n5786,2025-03-27,279,125,9,206.0,"['G04_WINBACK', 'G05_SPRING', 'G05_SUMMER', 'G05_AUTUMN', 'G05_WINTER']"
blu***y9722,2025-06-19,195,74,5,103.0,"['G03_REPURCHASE', 'G05_SPRING', 'G05_SUMMER', 'G05_AUTUMN', 'G05_WINTER']"
sky***c863,2025-06-13,201,149,7,159.0,"['G04_WINBACK', 'G05_SPRING', 'G05_SUMMER', 'G05_AUTUMN', 'G05_WINTER']"
sky***o6668,2025-12-15,16,0,1,0.0,"['G02_ROUTINE', 'G05_SPRING', 'G05_SUMMER', 'G05_AUTUMN', 'G05_WINTER']"
lov***nj7891,2025-04-17,258,122,2,185.0,"['G04_WINBACK', 'G05_SPRING', 'G05_SUMMER', 'G05_AUTUMN', 'G05_WINTER']"
hap***ghr7394,2025-05-28,217,103,2,182.0,"['G04_WINBACK', 'G05_SPRING', 'G05_SUMMER', 'G05_AUTUMN', 'G05_WINTER']"
cho***2673,2025-06-07,207,68,2,115.0,"['G03_REPURCHASE', 'G05_SPRING', 'G05_SUMMER', 'G05_AUTUMN', 'G05_WINTER']"
gue***ny1083,2025-05-07,238,168,1,182.0,"['G04_WINBACK', 'G05_SPRING', 'G05_SUMMER', 'G05_AUTUMN', 'G05_WINTER']"
par***jt724,2025-12-14,17,1,1,13.0,"['G02_ROUTINE', 'G05_SPRING', 'G05_SUMMER', 'G05_AUTUMN', 'G05_WINTER']"
sky***e7312,2025-01-01,364,196,9,283.0,"['G04_WINBACK', 'G05_SPRING', 'G05_SUMMER', 'G05_AUTUMN', 'G05_WINTER']"
blu***7524,2025-12-24,7,2,0,,"['G01_WELCOME', 'G05_SPRING', 'G05_SUMMER', 'G05_AUTUMN', 'G05_WINTER']"
blu***lc2999,2025-04-25,250,109,2,173.0,"['G04_WINBACK', 'G05_SPRING', 'G05_SUMMER', 'G05_AUTUMN', 'G05_WINTER']"
sky***r8648,2025-12-27,4,3,0,,"['G01_WELCOME', 'G05_SPRING', 'G05_SUMMER', 'G05_AUTUMN', 'G05_WINTER']"
kan***jl8371,2025-08-05,148,139,0,,"['G04_WINBACK', 'G05_SPRING', 'G05_SUMMER', 'G05_AUTUMN', 'G05_WINTER']"
par***g864,2025-04-27,248,139,5,175.0,"['G04_WINBACK', 'G05_SPRING', 'G05_SUMMER', 'G05_AUTUMN', 'G05_WINTER']"
moo***940,2025-12-11,20,0,1,17.0,"['G02_ROUTINE', 'G05_SPRING', 'G05_SUMMER', 'G05_AUTUMN', 'G05_WINTER']"
moo***r5547,2025-12-26,5,2,0,,"['G01_WELCOME', 'G05_SPRING', 'G05_SUMMER', 'G05_AUTUMN', 'G05_WINTER']"
use***fk4616,2025-12-25,6,2,0,,"['G01_WELCOME', 'G05_SPRING', 'G05_SUMMER', 'G05_AUTUMN', 'G05_WINTER']"
sta***z4116,2025-02-12,322,197,1,271.0,"['G04_WINBACK', 'G05_SPRING', 'G05_SUMMER', 'G05_AUTUMN', 'G05_WINTER']"
kan***ig946,2025-08-01,152,26,15,90.0,"['G03_REPURCHASE', 'G05_SPRING', 'G05_SUMMER', 'G05_AUTUMN', 'G05_WINTER']"
moo***z5546,2025-12-13,18,14,1,14.0,"['G02_ROUTINE', 'G05_SPRING', 'G05_SUMMER', 'G05_AUTUMN', 'G05_WINTER']"
jun***g3218,2025-12-10,21,12,1,18.0,"['G02_ROUTINE', 'G05_SPRING', 'G05_SUMMER', 'G05_AUTUMN', 'G05_WINTER']"
par***8634,2025-12-11,20,13,1,15.0,"['G02_ROUTINE', 'G05_SPRING', 'G05_SUMMER', 'G05_AUTUMN', 'G05_WINTER']"
hap***sg4872,2025-09-10,112,0,3,112.0,"['G03_REPURCHASE', 'G05_SPRING', 'G05_SUMMER', 'G05_AUTUMN', 'G05_WINTER']"
cho***zz8329,2025-09-10,112,68,2,107.0,"['G03_REPURCHASE', 'G05_SPRING', 'G05_SUMMER', 'G05_AUTUMN', 'G05_WINTER']"
lee***393,2025-07-12,172,114,9,163.0,"['G04_WINBACK', 'G05_SPRING', 'G05_SUMMER', 'G05_AUTUMN', 'G05_WINTER']"
gue***q7918,2025-12-23,8,3,0,,"['G01_WELCOME', 'G05_SPRING', 'G05_SUMMER', 'G05_AUTUMN', 'G05_WINTER']"
sun***hk3224,2025-05-21,224,173,7,177.0,"['G04_WINBACK', 'G05_SPRING', 'G05_SUMMER', 'G05_AUTUMN', 'G05_WINTER']"
use***ic1952,2025-12-13,18,9,1,17.0,"['G02_ROUTINE', 'G05_SPRING', 'G05_SUMMER', 'G05_AUTUMN', 'G05_WINTER']"
sun***z7040,2025-12-17,14,12,0,,"['G01_WELCOME', 'G05_SPRING', 'G05_SUMMER', 'G05_AUTUMN', 'G05_WINTER']"
lov***m4268,2025-12-11,20,5,1,10.0,"['G02_ROUTINE', 'G05_SPRING', 'G05_SUMMER', 'G05_AUTUMN', 'G05_WINTER']"
par***jx2070,2025-06-18,196,89,4,103.0,"['G03_REPURCHASE', 'G05_SPRING', 'G05_SUMMER', 'G05_AUTUMN', 'G05_WINTER']"
moo***mj1323,2025-12-27,4,3,0,,"['G01_WELCOME', 'G05_SPRING', 'G05_SUMMER', 'G05_AUTUMN', 'G05_WINTER']"
sky***187,2025-12-18,13,7,0,,"['G01_WELCOME', 'G05_SPRING', 'G05_SUMMER', 'G05_AUTUMN', 'G05_WINTER']"
hap***qz9188,2025-08-03,150,41,10,115.0,"['G03_REPURCHASE', 'G05_SPRING', 'G05_SUMMER', 'G05_AUTUMN', 'G05_WINTER']"
par***fa3322,2025-07-22,162,79,2,119.0,"['G03_REPURCHASE', 'G05_SPRING', 'G05_SUMMER', 'G05_AUTUMN', 'G05_WINTER']"
par***nw58,2025-07-05,179,5,14,97.0,"['G03_REPURCHASE', 'G05_SPRING', 'G05_SUMMER', 'G05_AUTUMN', 'G05_WINTER']"
moo***fh5414,2025-12-13,18,3,1,11.0,"['G02_ROUTINE', 'G05_SPRING', 'G05_SUMMER', 'G05_AUTUMN', 'G05_WINTER']"
jun***lv4465,2025-12-23,8,0,0,,"['G01_WELCOME', 'G05_SPRING', 'G05_SUMMER', 'G05_AUTUMN', 'G05_WINTER']"
blu***3035,2025-06-22,192,42,1,111.0,"['G03_REPURCHASE', 'G05_SPRING', 'G05_SUMMER', 'G05_AUTUMN', 'G05_WINTER']"
par***g9723,2025-08-09,144,49,1,109.0,"['G03_REPURCHASE', 'G05_SPRING', 'G05_SUMMER', 'G05_AUTUMN', 'G05_WINTER']"
par***8383,2025-04-16,259,171,5,173.0,"['G04_WINBACK', 'G05_SPRING', 'G05_SUMMER', 'G05_AUTUMN', 'G05_WINTER']"
par***4295,2025-09-07,115,54,5,91.0,"['G03_REPURCHASE', 'G05_SPRING', 'G05_SUMMER', 'G05_AUTUMN', 'G05_WINTER']"
sky***x4811,2025-05-04,241,115,1,199.0,"['G04_WINBACK', 'G05_SPRING', 'G05_SUMMER', 'G05_AUTUMN', 'G05_WINTER']"
hap***sq7416,2025-06-20,194,94,10,96.0,"['G04_WINBACK', 'G05_SPRING', 'G05_SUMMER', 'G05_AUTUMN', 'G05_WINTER']"
sky***4151,2025-06-18,196,9,14,108.0,"['G03_REPURCHASE', 'G05_SPRING', 'G05_SUMMER', 'G05_AUTUMN', 'G05_WINTER']"
sta***4134,2025-05-05,240,137,6,174.0,"['G04_WINBACK', 'G05_SPRING', 'G05_SUMMER', 'G05_AUTUMN', 'G05_WINTER']"
kim***807,2025-06-08,206,90,10,109.0,"['G03_REPURCHASE', 'G05_SPRING', 'G05_SUMMER', 'G05_AUTUMN', 'G05_WINTER']"
blu***9254,2025-12-13,18,7,1,7.0,"['G02_ROUTINE', 'G05_SPRING', 'G05_SUMMER', 'G05_AUTUMN', 'G05_WINTER']"
hap***xn3210,2025-07-12,172,1,9,109.0,"['G03_REPURCHASE', 'G05_SPRING', 'G05_SUMMER', 'G05_AUTUMN', 'G05_WINTER']"
cho***400,2025-05-29,216,72,2,118.0,"['G03_REPURCHASE', 'G05_SPRING', 'G05_SUMMER', 'G05_AUTUMN', 'G05_WINTER']"
lee***2380,2025-12-15,16,6,1,11.0,"['G02_ROUTINE', 'G05_SPRING', 'G05_SUMMER', 'G05_AUTUMN', 'G05_WINTER']"
par***rd9249,2025-07-14,170,17,13,94.0,"['G03_REPURCHASE', 'G05_SPRING', 'G05_SUMMER', 'G05_AUTUMN', 'G05_WINTER']"
moo***3057,2025-12-16,15,9,1,10.0,"['G02_ROUTINE', 'G05_SPRING', 'G05_SUMMER', 'G05_AUTUMN', 'G05_WINTER']"
blu***gt2116,2025-03-28,278,186,4,275.0,"['G04_WINBACK', 'G05_SPRING', 'G05_SUMMER', 'G05_AUTUMN', 'G05_WINTER']"
cho***b4986,2025-07-21,163,36,9,95.0,"['G03_REPURCHASE', 'G05_SPRING', 'G05_SUMMER', 'G05_AUTUMN', 'G05_WINTER']"
par***l870,2025-12-19,12,1,0,,"['G01_WELCOME', 'G05_SPRING', 'G05_SUMMER', 'G05_AUTUMN', 'G05_WINTER']"
cho***u5366,2025-12-31,0,0,0,,"['G01_WELCOME', 'G05_SPRING', 'G05_SUMMER', 'G05_AUTUMN', 'G05_WINTER']"
kan***lu4982,2025-09-22,100,11,7,99.0,"['G03_REPURCHASE', 'G05_SPRING', 'G05_SUMMER', 'G05_AUTUMN', 'G05_WINTER']"
sta***gc9527,2025-04-07,268,186,1,227.0,"['G04_WINBACK', 'G05_SPRING', 'G05_SUMMER', 'G05_AUTUMN', 'G05_WINTER']"
gue***ce1693,2025-09-08,114,44,11,101.0,"['G03_REPURCHASE', 'G05_SPRING', 'G05_SUMMER', 'G05_AUTUMN', 'G05_WINTER']"
sun***css228,2025-06-12,202,29,9,113.0,"['G03_REPURCHASE', 'G05_SPRING', 'G05_SUMMER', 'G05_AUTUMN', 'G05_WINTER']"
blu***c6991,2025-07-03,181,9,10,90.0,"['G03_REPURCHASE', 'G05_SPRING', 'G05_SUMMER', 'G05_AUTUMN', 'G05_WINTER']"
moo***3384,2025-06-23,191,56,15,100.0,"['G03_REPURCHASE', 'G05_SPRING', 'G05_SUMMER', 'G05_AUTUMN', 'G05_WINTER']"
use***f4956,2025-05-14,231,172,0,,"['G04_WINBACK', 'G05_SPRING', 'G05_SUMMER', 'G05_AUTUMN', 'G05_WINTER']"
kim***333,2025-12-26,5,3,0,,"['G01_WELCOME', 'G05_SPRING', 'G05_SUMMER', 'G05_AUTUMN', 'G05_WINTER']"
kim***4221,2025-12-19,12,7,0,,"['G01_WELCOME', 'G05_SPRING', 'G05_SUMMER', 'G05_AUTUMN', 'G05_WINTER']"
use***e6159,2025-07-25,159,76,3,110.0,"['G03_REPURCHASE', 'G05_SPRING', 'G05_SUMMER', 'G05_AUTUMN', 'G05_WINTER']"
sta***n6601,2025-12-13,18,2,1,4.0,"['G02_ROUTINE', 'G05_SPRING', 'G05_SUMMER', 'G05_AUTUMN', 'G05_WINTER']"
sta***4649,2025-05-08,237,151,0,,"['G04_WINBACK', 'G05_SPRING', 'G05_SUMMER', 'G05_AUTUMN', 'G05_WINTER']"
sta***sj1625,2025-05-20,225,144,2,186.0,"['G04_WINBACK', 'G05_SPRING', 'G05_SUMMER', 'G05_AUTUMN', 'G05_WINTER']"
sun***et6429,2025-12-30,1,0,0,,"['G01_WELCOME', 'G05_SPRING', 'G05_SUMMER', 'G05_AUTUMN', 'G05_WINTER']"
kan***ud8773,2025-12-10,21,4,1,7.0,"['G02_ROUTINE', 'G05_SPRING', 'G05_SUMMER', 'G05_AUTUMN', 'G05_WINTER']"
use***sp8890,2025-08-14,139,96,6,122.0,"['G04_WINBACK', 'G05_SPRING', 'G05_SUMMER', 'G05_AUTUMN', 'G05_WINTER']"
lov***b9576,2025-12-10,21,3,1,3.0,"['G02_ROUTINE', 'G05_SPRING', 'G05_SUMMER', 'G05_AUTUMN', 'G05_WINTER']"
moo***o3672,2025-07-21,163,90,8,93.0,"['G03_REPURCHASE', 'G05_SPRING', 'G05_SUMMER', 'G05_AUTUMN', 'G05_WINTER']"
par***d4457,2025-07-14,170,11,3,104.0,"['G03_REPURCHASE', 'G05_SPRING', 'G05_SUMMER', 'G05_AUTUMN', 'G05_WINTER']"
lee***u1622,2025-12-10,21,0,1,2.0,"['G02_ROUTINE', 'G05_SPRING', 'G05_SUMMER', 'G05_AUTUMN', 'G05_WINTER']"
sun***evy5282,2025-12-11,20,0,1,1.0,"['G02_ROUTINE', 'G05_SPRING', 'G05_SUMMER', 'G05_AUTUMN', 'G05_WINTER']"
par***1071,2025-08-03,150,101,8,131.0,"['G04_WINBACK', 'G05_SPRING', 'G05_SUMMER', 'G05_AUTUMN', 'G05_WINTER']"
blu***wc2020,2025-12-16,15,3,1,3.0,"['G02_ROUTINE', 'G05_SPRING', 'G05_SUMMER', 'G05_AUTUMN', 'G05_WINTER']"
cho***4907,2025-12-13,18,4,1,6.0,"['G02_ROUTINE', 'G05_SPRING', 'G05_SUMMER', 'G05_AUTUMN', 'G05_WINTER']"
sta***nw3917,2025-12-28,3,1,0,,"['G01_WELCOME', 'G05_SPRING', 'G05_SUMMER', 'G05_AUTUMN', 'G05_WINTER']"
par***uh4503,2025-12-20,11,1,0,,"['G01_WELCOME', 'G05_SPRING', 'G05_SUMMER', 'G05_AUTUMN', 'G05_WINTER']"
par***1592,2025-12-14,17,5,1,10.0,"['G02_ROUTINE', 'G05_SPRING', 'G05_SUMMER', 'G05_AUTUMN', 'G05_WINTER']"
blu***tx5887,2025-12-30,1,1,0,,"['G01_WELCOME', 'G05_SPRING', 'G05_SUMMER', 'G05_AUTUMN', 'G05_WINTER']"
jun***6625,2025-12-15,16,1,1,13.0,"['G02_ROUTINE', 'G05_SPRING', 'G05_SUMMER', 'G05_AUTUMN', 'G05_WINTER']"
par***sv4569,2025-05-13,232,149,2,154.0,"['G04_WINBACK', 'G05_SPRING', 'G05_SUMMER', 'G05_AUTUMN', 'G05_WINTER']"
par***8475,2025-06-06,208,15,8,108.0,"['G03_REPURCHASE', 'G05_SPRING', 'G05_SUMMER', 'G05_AUTUMN', 'G05_WINTER']"
sta***du6730,2025-09-21,101,58,14,99.0,"['G03_REPURCHASE', 'G05_SPRING', 'G05_SUMMER', 'G05_AUTUMN', 'G05_WINTER']"
gue***p1201,2025-12-14,17,0,1,1.0,"['G02_ROUTINE', 'G05_SPRING', 'G05_SUMMER', 'G05_AUTUMN', 'G05_WINTER']"
blu***t2215,2025-07-07,177,136,2,171.0,"['G04_WINBACK', 'G05_SPRING', 'G05_SUMMER', 'G05_AUTUMN', 'G05_WINTER']"
jun***1120,2025-12-29,2,0,0,,"['G01_WELCOME', 'G05_SPRING', 'G05_SUMMER', 'G05_AUTUMN', 'G05_WINTER']"
par***8295,2025-09-07,115,0,3,91.0,"['G03_REPURCHASE', 'G05_SPRING', 'G05_SUMMER', 'G05_AUTUMN', 'G05_WINTER']"
hap***p8111,2025-12-27,4,0,0,,"['G01_WELCOME', 'G05_SPRING', 'G05_SUMMER', 'G05_AUTUMN', 'G05_WINTER']"
lee***t4002,2025-05-27,218,88,9,119.0,"['G03_REPURCHASE', 'G05_SPRING', 'G05_SUMMER', 'G05_AUTUMN', 'G05_WINTER']"
lee***565,2025-02-13,321,169,4,241.0,"['G04_WINBACK', 'G05_SPRING', 'G05_SUMMER', 'G05_AUTUMN', 'G05_WINTER']"
jun***4107,2025-12-29,2,0,0,,"['G01_WELCOME', 'G05_SPRING', 'G05_SUMMER', 'G05_AUTUMN', 'G05_WINTER']"
moo***6640,2025-07-06,178,94,2,115.0,"['G04_WINBACK', 'G05_SPRING', 'G05_SUMMER', 'G05_AUTUMN', 'G05_WINTER']"
sky***o8386,2025-12-21,10,9,0,,"['G01_WELCOME', 'G05_SPRING', 'G05_SUMMER', 'G05_AUTUMN', 'G05_WINTER']"
lee***7172,2025-12-22,9,2,0,,"['G01_WELCOME', 'G05_SPRING', 'G05_SUMMER', 'G05_AUTUMN', 'G05_WINTER']"
sky***7291,2025-09-17,105,12,2,99.0,"['G03_REPURCHASE', 'G05_SPRING', 'G05_SUMMER', 'G05_AUTUMN', 'G05_WINTER']"
gue***v6404,2025-05-04,241,158,2,180.0,"['G04_WINBACK', 'G05_SPRING', 'G05_SUMMER', 'G05_AUTUMN', 'G05_WINTER']"
lov***pw2877,2025-12-11,20,3,1,5.0,"['G02_ROUTINE', 'G05_SPRING', 'G05_SUMMER', 'G05_AUTUMN', 'G05_WINTER']"
kim***3149,2025-12-21,10,7,0,,"['G01_WELCOME', 'G05_SPRING', 'G05_SUMMER', 'G05_AUTUMN', 'G05_WINTER']"
sky***l6172,2025-03-10,296,129,6,201.0,"['G04_WINBACK', 'G05_SPRING', 'G05_SUMMER', 'G05_AUTUMN', 'G05_WINTER']"
hap***uro4791,2025-12-14,17,1,1,8.0,"['G02_ROUTINE', 'G05_SPRING', 'G05_SUMMER', 'G05_AUTUMN', 'G05_WINTER']"
kan***j823,2025-12-18,13,12,0,,"['G01_WELCOME', 'G05_SPRING', 'G05_SUMMER', 'G05_AUTUMN', 'G05_WINTER']"
moo***p7825,2025-07-08,176,170,0,,"['G04_WINBACK', 'G05_SPRING', 'G05_SUMMER', 'G05_AUTUMN', 'G05_WINTER']"
gue***w8963,2025-08-04,149,75,12,108.0,"['G03_REPURCHASE', 'G05_SPRING', 'G05_SUMMER', 'G05_AUTUMN', 'G05_WINTER']"
sta***g1383,2025-04-30,245,150,5,232.0,"['G04_WINBACK', 'G05_SPRING', 'G05_SUMMER', 'G05_AUTUMN', 'G05_WINTER']"
sun***hjv2432,2025-12-23,8,0,0,,"['G01_WELCOME', 'G05_SPRING', 'G05_SUMMER', 'G05_AUTUMN', 'G05_WINTER']"
sta***ty5925,2025-12-27,4,1,0,,"['G01_WELCOME', 'G05_SPRING', 'G05_SUMMER', 'G05_AUTUMN', 'G05_WINTER']"
cho***a1912,2025-04-22,253,200,2,243.0,"['G04_WINBACK', 'G05_SPRING', 'G05_SUMMER', 'G05_AUTUMN', 'G05_WINTER']"
moo***9431,2025-05-18,227,112,8,185.0,"['G04_WINBACK', 'G05_SPRING', 'G05_SUMMER', 'G05_AUTUMN', 'G05_WINTER']"
gue***mn4408,2025-09-06,116,10,11,97.0,"['G03_REPURCHASE', 'G05_SPRING', 'G05_SUMMER', 'G05_AUTUMN', 'G05_WINTER']"
lee***e2890,2025-12-11,20,16,1,20.0,"['G02_ROUTINE', 'G05_SPRING', 'G05_SUMMER', 'G05_AUTUMN', 'G05_WINTER']"
moo***d6826,2025-06-01,213,131,6,166.0,"['G04_WINBACK', 'G05_SPRING', 'G05_SUMMER', 'G05_AUTUMN', 'G05_WINTER']"
lov***ls6844,2025-06-18,196,101,10,176.0,"['G04_WINBACK', 'G05_SPRING', 'G05_SUMMER', 'G05_AUTUMN', 'G05_WINTER']"
lee***6046,2025-12-31,0,0,0,,"['G01_WELCOME', 'G05_SPRING', 'G05_SUMMER', 'G05_AUTUMN', 'G05_WINTER']"
jun***cd6250,2025-12-21,10,10,0,,"['G01_WELCOME', 'G05_SPRING', 'G05_SUMMER', 'G05_AUTUMN', 'G05_WINTER']"
kim***w3004,2025-12-21,10,3,0,,"['G01_WELCOME', 'G05_SPRING', 'G05_SUMMER', 'G05_AUTUMN', 'G05_WINTER']"
hap***yta4814,2025-02-18,316,149,10,227.0,"['G04_WINBACK', 'G05_SPRING', 'G05_SUMMER', 'G05_AUTUMN', 'G05_WINTER']"
kan***z5535,2025-06-09,205,110,3,179.0,"['G04_WINBACK', 'G05_SPRING', 'G05_SUMMER', 'G05_AUTUMN', 'G05_WINTER']"
kim***o6678,2025-09-04,118,55,8,109.0,"['G03_REPURCHASE', 'G05_SPRING', 'G05_SUMMER', 'G05_AUTUMN', 'G05_WINTER']"
sta***6510,2025-07-21,163,50,2,115.0,"['G03_REPURCHASE', 'G05_SPRING', 'G05_SUMMER', 'G05_AUTUMN', 'G05_WINTER']"
jun***xq2061,2025-12-10,21,1,1,1.0,"['G02_ROUTINE', 'G05_SPRING', 'G05_SUMMER', 'G05_AUTUMN', 'G05_WINTER']"
lee***9973,2025-08-08,145,88,9,120.0,"['G03_REPURCHASE', 'G05_SPRING', 'G05_SUMMER', 'G05_AUTUMN', 'G05_WINTER']"
lee***q2947,2025-12-15,16,8,1,16.0,"['G02_ROUTINE', 'G05_SPRING', 'G05_SUMMER', 'G05_AUTUMN', 'G05_WINTER']"
kim***x7423,2025-12-12,19,12,1,14.0,"['G02_ROUTINE', 'G05_SPRING', 'G05_SUMMER', 'G05_AUTUMN', 'G05_WINTER']"
hap***ld2921,2025-02-28,306,164,5,237.0,"['G04_WINBACK', 'G05_SPRING', 'G05_SUMMER', 'G05_AUTUMN', 'G05_WINTER']"
lov***445,2025-03-19,287,148,1,207.0,"['G04_WINBACK', 'G05_SPRING', 'G05_SUMMER', 'G05_AUTUMN', 'G05_WINTER']"
jun***7242,2025-12-12,19,1,1,2.0,"['G02_ROUTINE', 'G05_SPRING', 'G05_SUMMER', 'G05_AUTUMN', 'G05_WINTER']"
lov***la7287,2025-12-30,1,1,0,,"['G01_WELCOME', 'G05_SPRING', 'G05_SUMMER', 'G05_AUTUMN', 'G05_WINTER']"
lee***5628,2025-08-24,129,54,1,103.0,"['G03_REPURCHASE', 'G05_SPRING', 'G05_SUMMER', 'G05_AUTUMN', 'G05_WINTER']"
blu***g6197,2025-12-13,18,3,1,9.0,"['G02_ROUTINE', 'G05_SPRING', 'G05_SUMMER', 'G05_AUTUMN', 'G05_WINTER']"
sta***m6228,2025-07-19,165,108,2,142.0,"['G04_WINBACK', 'G05_SPRING', 'G05_SUMMER', 'G05_AUTUMN', 'G05_WINTER']"
blu***8039,2025-12-15,16,4,1,9.0,"['G02_ROUTINE', 'G05_SPRING', 'G05_SUMMER', 'G05_AUTUMN', 'G05_WINTER']"
lee***090,2025-02-03,331,187,1,254.0,"['G04_WINBACK', 'G05_SPRING', 'G05_SUMMER', 'G05_AUTUMN', 'G05_WINTER']"
use***fy7667,2025-06-30,184,116,5,154.0,"['G04_WINBACK', 'G05_SPRING', 'G05_SUMMER', 'G05_AUTUMN', 'G05_WINTER']"
sta***3812,2025-12-17,14,3,0,,"['G01_WELCOME', 'G05_SPRING', 'G05_SUMMER', 'G05_AUTUMN', 'G05_WINTER']"
kan***pi4179,2025-12-17,14,5,0,,"['G01_WELCOME', 'G05_SPRING', 'G05_SUMMER', 'G05_AUTUMN', 'G05_WINTER']"
lee***o9063,2025-08-13,140,31,10,105.0,"['G03_REPURCHASE', 'G05_SPRING', 'G05_SUMMER', 'G05_AUTUMN', 'G05_WINTER']"
sun***zi1709,2025-08-29,124,70,14,90.0,"['G03_REPURCHASE', 'G05_SPRING', 'G05_SUMMER', 'G05_AUTUMN', 'G05_WINTER']"
moo***2362,2025-01-13,352,194,8,264.0,"['G04_WINBACK', 'G05_SPRING', 'G05_SUMMER', 'G05_AUTUMN', 'G05_WINTER']"
gue***iqu5239,2025-12-16,15,1,1,1.0,"['G02_ROUTINE', 'G05_SPRING', 'G05_SUMMER', 'G05_AUTUMN', 'G05_WINTER']"
lee***996,2025-04-03,272,162,3,257.0,"['G04_WINBACK', 'G05_SPRING', 'G05_SUMMER', 'G05_AUTUMN', 'G05_WINTER']"
lov***la3995,2025-01-10,355,197,8,286.0,"['G04_WINBACK', 'G05_SPRING', 'G05_SUMMER', 'G05_AUTUMN', 'G05_WINTER']"
lov***4684,2025-06-23,191,89,3,98.0,"['G03_REPURCHASE', 'G05_SPRING', 'G05_SUMMER', 'G05_AUTUMN', 'G05_WINTER']"
gue***oql4729,2025-08-29,124,101,0,,"['G04_WINBACK', 'G05_SPRING', 'G05_SUMMER', 'G05_AUTUMN', 'G05_WINTER']"
kan***s6706,2025-06-12,202,42,7,115.0,"['G03_REPURCHASE', 'G05_SPRING', 'G05_SUMMER', 'G05_AUTUMN', 'G05_WINTER']"
sta***2563,2025-12-30,1,0,0,,"['G01_WELCOME', 'G05_SPRING', 'G05_SUMMER', 'G05_AUTUMN', 'G05_WINTER']"
blu***p39,2025-12-15,16,6,1,14.0,"['G02_ROUTINE', 'G05_SPRING', 'G05_SUMMER', 'G05_AUTUMN', 'G05_WINTER']"
hap***au4598,2025-08-30,123,41,1,100.0,"['G03_REPURCHASE', 'G05_SPRING', 'G05_SUMMER', 'G05_AUTUMN', 'G05_WINTER']"
kan***7591,2025-06-22,192,140,1,151.0,"['G04_WINBACK', 'G05_SPRING', 'G05_SUMMER', 'G05_AUTUMN', 'G05_WINTER']"
lov***b7832,2025-12-12,19,4,1,10.0,"['G02_ROUTINE', 'G05_SPRING', 'G05_SUMMER', 'G05_AUTUMN', 'G05_WINTER']"
sky***1884,2025-12-26,5,5,0,,"['G01_WELCOME', 'G05_SPRING', 'G05_SUMMER', 'G05_AUTUMN', 'G05_WINTER']"
use***b5734,2025-07-30,154,62,1,107.0,"['G03_REPURCHASE', 'G05_SPRING', 'G05_SUMMER', 'G05_AUTUMN', 'G05_WINTER']"
lee***x1790,2025-04-29,246,153,8,190.0,"['G04_WINBACK', 'G05_SPRING', 'G05_SUMMER', 'G05_AUTUMN', 'G05_WINTER']"
lov***d3944,2025-12-27,4,3,0,,"['G01_WELCOME', 'G05_SPRING', 'G05_SUMMER', 'G05_AUTUMN', 'G05_WINTER']"
moo***639,2025-12-15,16,4,1,4.0,"['G02_ROUTINE', 'G05_SPRING', 'G05_SUMMER', 'G05_AUTUMN', 'G05_WINTER']"
cho***wy9598,2025-08-08,145,38,7,105.0,"['G03_REPURCHASE', 'G05_SPRING', 'G05_SUMMER', 'G05_AUTUMN', 'G05_WINTER']"
kim***3520,2025-12-27,4,3,0,,"['G01_WELCOME', 'G05_SPRING', 'G05_SUMMER', 'G05_AUTUMN', 'G05_WINTER']"
sky***977,2025-12-26,5,0,0,,"['G01_WELCOME', 'G05_SPRING', 'G05_SUMMER', 'G05_AUTUMN', 'G05_WINTER']"
gue***v4696,2025-04-23,252,92,9,162.0,"['G04_WINBACK', 'G05_SPRING', 'G05_SUMMER', 'G05_AUTUMN', 'G05_WINTER']"
jun***yk2478,2025-07-09,175,66,13,98.0,"['G03_REPURCHASE', 'G05_SPRING', 'G05_SUMMER', 'G05_AUTUMN', 'G05_WINTER']"
lov***w2599,2025-05-31,214,150,5,185.0,"['G04_WINBACK', 'G05_SPRING', 'G05_SUMMER', 'G05_AUTUMN', 'G05_WINTER']"
sun***vua4049,2025-12-11,20,6,1,19.0,"['G02_ROUTINE', 'G05_SPRING', 'G05_SUMMER', 'G05_AUTUMN', 'G05_WINTER']"
lee***4450,2025-12-14,17,0,1,4.0,"['G02_ROUTINE', 'G05_SPRING', 'G05_SUMMER', 'G05_AUTUMN', 'G05_WINTER']"
jun***6552,2025-12-16,15,8,1,11.0,"['G02_ROUTINE', 'G05_SPRING', 'G05_SUMMER', 'G05_AUTUMN', 'G05_WINTER']"
lee***813,2025-12-28,3,2,0,,"['G01_WELCOME', 'G05_SPRING', 'G05_SUMMER', 'G05_AUTUMN', 'G05_WINTER']"
lee***s7614,2025-12-29,2,1,0,,"['G01_WELCOME', 'G05_SPRING', 'G05_SUMMER', 'G05_AUTUMN', 'G05_WINTER']"
sky***k7943,2025-08-20,133,54,2,93.0,"['G03_REPURCHASE', 'G05_SPRING', 'G05_SUMMER', 'G05_AUTUMN', 'G05_WINTER']"
sky***8628,2025-12-17,14,4,0,,"['G01_WELCOME', 'G05_SPRING', 'G05_SUMMER', 'G05_AUTUMN', 'G05_WINTER']"
lee***l8033,2025-12-20,11,11,0,,"['G01_WELCOME', 'G05_SPRING', 'G05_SUMMER', 'G05_AUTUMN', 'G05_WINTER']"
par***dj6460,2025-12-15,16,0,1,0.0,"['G02_ROUTINE', 'G05_SPRING', 'G05_SUMMER', 'G05_AUTUMN', 'G05_WINTER']"
jun***bm2460,2025-12-19,12,10,0,,"['G01_WELCOME', 'G05_SPRING', 'G05_SUMMER', 'G05_AUTUMN', 'G05_WINTER']"
kim***4305,2025-03-13,293,143,3,222.0,"['G04_WINBACK', 'G05_SPRING', 'G05_SUMMER', 'G05_AUTUMN', 'G05_WINTER']"
kim***4102,2025-12-12,19,12,1,18.0,"['G02_ROUTINE', 'G05_SPRING', 'G05_SUMMER', 'G05_AUTUMN', 'G05_WINTER']"
gue***lq7658,2025-03-24,282,172,9,198.0,"['G04_WINBACK', 'G05_SPRING', 'G05_SUMMER', 'G05_AUTUMN', 'G05_WINTER']"
moo***kg285,2025-06-12,202,43,8,111.0,"['G03_REPURCHASE', 'G05_SPRING', 'G05_SUMMER', 'G05_AUTUMN', 'G05_WINTER']"
sun***u2976,2025-04-18,257,165,9,214.0,"['G04_WINBACK', 'G05_SPRING', 'G05_SUMMER', 'G05_AUTUMN', 'G05_WINTER']"
par***y9206,2025-12-17,14,14,0,,"['G01_WELCOME', 'G05_SPRING', 'G05_SUMMER', 'G05_AUTUMN', 'G05_WINTER']"
gue***x3487,2025-12-24,7,7,0,,"['G01_WELCOME', 'G05_SPRING', 'G05_SUMMER', 'G05_AUTUMN', 'G05_WINTER']"
sta***5856,2025-12-27,4,2,0,,"['G01_WELCOME', 'G05_SPRING', 'G05_SUMMER', 'G05_AUTUMN', 'G05_WINTER']"
sky***605,2025-12-12,19,0,1,0.0,"['G02_ROUTINE', 'G05_SPRING', 'G05_SUMMER', 'G05_AUTUMN', 'G05_WINTER']"
sky***3556,2025-06-08,206,60,5,113.0,"['G03_REPURCHASE', 'G05_SPRING', 'G05_SUMMER', 'G05_AUTUMN', 'G05_WINTER']"
sun***fb8309,2025-04-13,262,157,9,199.0,"['G04_WINBACK', 'G05_SPRING', 'G05_SUMMER', 'G05_AUTUMN', 'G05_WINTER']"
gue***tz3929,2025-12-19,12,8,0,,"['G01_WELCOME', 'G05_SPRING', 'G05_SUMMER', 'G05_AUTUMN', 'G05_WINTER']"
sta***g7234,2025-07-27,157,69,7,101.0,"['G03_REPURCHASE', 'G05_SPRING', 'G05_SUMMER', 'G05_AUTUMN', 'G05_WINTER']"
jun***g6834,2025-12-10,21,12,1,16.0,"['G02_ROUTINE', 'G05_SPRING', 'G05_SUMMER', 'G05_AUTUMN', 'G05_WINTER']"
sky***f7634,2025-07-28,156,29,12,103.0,"['G03_REPURCHASE', 'G05_SPRING', 'G05_SUMMER', 'G05_AUTUMN', 'G05_WINTER']"
sky***t1445,2025-05-08,237,136,4,228.0,"['G04_WINBACK', 'G05_SPRING', 'G05_SUMMER', 'G05_AUTUMN', 'G05_WINTER']"
kan***9515,2025-12-24,7,1,0,,"['G01_WELCOME', 'G05_SPRING', 'G05_SUMMER', 'G05_AUTUMN', 'G05_WINTER']"
moo***r1015,2025-06-19,195,37,9,119.0,"['G03_REPURCHASE', 'G05_SPRING', 'G05_SUMMER', 'G05_AUTUMN', 'G05_WINTER']"
hap***sfx7940,2025-12-11,20,1,1,4.0,"['G02_ROUTINE', 'G05_SPRING', 'G05_SUMMER', 'G05_AUTUMN', 'G05_WINTER']"
lov***iq3633,2025-05-02,243,125,6,173.0,"['G04_WINBACK', 'G05_SPRING', 'G05_SUMMER', 'G05_AUTUMN', 'G05_WINTER']"
sta***vk2211,2025-03-27,279,173,7,257.0,"['G04_WINBACK', 'G05_SPRING', 'G05_SUMMER', 'G05_AUTUMN', 'G05_WINTER']"
gue***f3502,2025-12-21,10,4,0,,"['G01_WELCOME', 'G05_SPRING', 'G05_SUMMER', 'G05_AUTUMN', 'G05_WINTER']"
use***7859,2025-01-03,362,187,5,263.0,"['G04_WINBACK', 'G05_SPRING', 'G05_SUMMER', 'G05_AUTUMN', 'G05_WINTER']"
cho***9262,2025-12-23,8,3,0,,"['G01_WELCOME', 'G05_SPRING', 'G05_SUMMER', 'G05_AUTUMN', 'G05_WINTER']"
sky***317,2025-12-12,19,0,1,4.0,"['G02_ROUTINE', 'G05_SPRING', 'G05_SUMMER', 'G05_AUTUMN', 'G05_WINTER']"
kan***w9397,2025-06-06,208,36,7,120.0,"['G03_REPURCHASE', 'G05_SPRING', 'G05_SUMMER', 'G05_AUTUMN', 'G05_WINTER']"
blu***vy4472,2025-06-17,197,50,5,106.0,"['G03_REPURCHASE', 'G05_SPRING', 'G05_SUMMER', 'G05_AUTUMN', 'G05_WINTER']"
par***z4298,2025-12-28,3,0,0,,"['G01_WELCOME', 'G05_SPRING', 'G05_SUMMER', 'G05_AUTUMN', 'G05_WINTER']"
kim***794,2025-12-11,20,3,1,3.0,"['G02_ROUTINE', 'G05_SPRING', 'G05_SUMMER', 'G05_AUTUMN', 'G05_WINTER']"
cho***cx8391,2025-06-20,194,41,2,110.0,"['G03_REPURCHASE', 'G05_SPRING', 'G05_SUMMER', 'G05_AUTUMN', 'G05_WINTER']"
sky***40,2025-12-14,17,6,1,7.0,"['G02_ROUTINE', 'G05_SPRING', 'G05_SUMMER', 'G05_AUTUMN', 'G05_WINTER']"
kan***jp8139,2025-05-24,221,100,10,139.0,"['G04_WINBACK', 'G05_SPRING', 'G05_SUMMER', 'G05_AUTUMN', 'G05_WINTER']"
gue***th4330,2025-12-23,8,5,0,,"['G01_WELCOME', 'G05_SPRING', 'G05_SUMMER', 'G05_AUTUMN', 'G05_WINTER']"
blu***2959,2025-03-20,286,188,4,189.0,"['G04_WINBACK', 'G05_SPRING', 'G05_SUMMER', 'G05_AUTUMN', 'G05_WINTER']"
jun***ne7853,2025-12-31,0,0,0,,"['G01_WELCOME', 'G05_SPRING', 'G05_SUMMER', 'G05_AUTUMN', 'G05_WINTER']"
blu***5777,2025-12-15,16,9,1,13.0,"['G02_ROUTINE', 'G05_SPRING', 'G05_SUMMER', 'G05_AUTUMN', 'G05_WINTER']"
gue***goi7217,2025-12-29,2,1,0,,"['G01_WELCOME', 'G05_SPRING', 'G05_SUMMER', 'G05_AUTUMN', 'G05_WINTER']"
jun***t2762,2025-05-04,241,194,1,239.0,"['G04_WINBACK', 'G05_SPRING', 'G05_SUMMER', 'G05_AUTUMN', 'G05_WINTER']"
hap***xsq5504,2025-09-24,98,33,1,93.0,"['G03_REPURCHASE', 'G05_SPRING', 'G05_SUMMER', 'G05_AUTUMN', 'G05_WINTER']"
use***wo2653,2025-12-25,6,5,0,,"['G01_WELCOME', 'G05_SPRING', 'G05_SUMMER', 'G05_AUTUMN', 'G05_WINTER']"
kim***7615,2025-07-20,164,43,13,119.0,"['G03_REPURCHASE', 'G05_SPRING', 'G05_SUMMER', 'G05_AUTUMN', 'G05_WINTER']"
use***ur447,2025-12-29,2,1,0,,"['G01_WELCOME', 'G05_SPRING', 'G05_SUMMER', 'G05_AUTUMN', 'G05_WINTER']"
use***5413,2025-08-12,141,34,12,100.0,"['G03_REPURCHASE', 'G05_SPRING', 'G05_SUMMER', 'G05_AUTUMN', 'G05_WINTER']"
kan***fl1345,2025-12-16,15,6,1,6.0,"['G02_ROUTINE', 'G05_SPRING', 'G05_SUMMER', 'G05_AUTUMN', 'G05_WINTER']"
par***9218,2025-12-16,15,9,1,14.0,"['G02_ROUTINE', 'G05_SPRING', 'G05_SUMMER', 'G05_AUTUMN', 'G05_WINTER']"
hap***j7571,2025-12-31,0,0,0,,"['G01_WELCOME', 'G05_SPRING', 'G05_SUMMER', 'G05_AUTUMN', 'G05_WINTER']"
cho***k1452,2025-12-17,14,11,0,,"['G01_WELCOME', 'G05_SPRING', 'G05_SUMMER', 'G05_AUTUMN', 'G05_WINTER']"
hap***zj7982,2025-06-27,187,101,1,183.0,"['G04_WINBACK', 'G05_SPRING', 'G05_SUMMER', 'G05_AUTUMN', 'G05_WINTER']"
sun***e7739,2025-08-26,127,22,13,97.0,"['G03_REPURCHASE', 'G05_SPRING', 'G05_SUMMER', 'G05_AUTUMN', 'G05_WINTER']"
gue***oxe381,2025-07-05,179,37,4,114.0,"['G03_REPURCHASE', 'G05_SPRING', 'G05_SUMMER', 'G05_AUTUMN', 'G05_WINTER']"
lee***673,2025-09-17,105,18,2,94.0,"['G03_REPURCHASE', 'G05_SPRING', 'G05_SUMMER', 'G05_AUTUMN', 'G05_WINTER']"
sky***932,2025-07-15,169,64,1,91.0,"['G03_REPURCHASE', 'G05_SPRING', 'G05_SUMMER', 'G05_AUTUMN', 'G05_WINTER']"
kan***vo3548,2025-08-16,137,90,10,114.0,"['G03_REPURCHASE', 'G05_SPRING', 'G05_SUMMER', 'G05_AUTUMN', 'G05_WINTER']"
sta***q2105,2025-12-10,21,3,1,13.0,"['G02_ROUTINE', 'G05_SPRING', 'G05_SUMMER', 'G05_AUTUMN', 'G05_WINTER']"
jun***5659,2025-07-20,164,36,1,105.0,"['G03_REPURCHASE', 'G05_SPRING', 'G05_SUMMER', 'G05_AUTUMN', 'G05_WINTER']"
kim***k4910,2025-12-12,19,0,1,3.0,"['G02_ROUTINE', 'G05_SPRING', 'G05_SUMMER', 'G05_AUTUMN', 'G05_WINTER']"
lov***bh3534,2025-12-10,21,3,1,6.0,"['G02_ROUTINE', 'G05_SPRING', 'G05_SUMMER', 'G05_AUTUMN', 'G05_WINTER']"
sta***a7885,2025-07-21,163,88,9,91.0,"['G03_REPURCHASE', 'G05_SPRING', 'G05_SUMMER', 'G05_AUTUMN', 'G05_WINTER']"
use***wl1184,2025-08-21,132,115,0,,"['G04_WINBACK', 'G05_SPRING', 'G05_SUMMER', 'G05_AUTUMN', 'G05_WINTER']"
par***u7914,2025-07-08,176,78,14,120.0,"['G03_REPURCHASE', 'G05_SPRING', 'G05_SUMMER', 'G05_AUTUMN', 'G05_WINTER']"
lee***785,2025-12-11,20,0,1,0.0,"['G02_ROUTINE', 'G05_SPRING', 'G05_SUMMER', 'G05_AUTUMN', 'G05_WINTER']"
lee***z483,2025-12-10,21,15,1,17.0,"['G02_ROUTINE', 'G05_SPRING', 'G05_SUMMER', 'G05_AUTUMN', 'G05_WINTER']"
sky***u7306,2025-06-26,188,85,5,120.0,"['G03_REPURCHASE', 'G05_SPRING', 'G05_SUMMER', 'G05_AUTUMN', 'G05_WINTER']"
hap***hwi5003,2025-04-27,248,146,5,187.0,"['G04_WINBACK', 'G05_SPRING', 'G05_SUMMER', 'G05_AUTUMN', 'G05_WINTER']"
cho***tp7761,2025-12-14,17,9,1,17.0,"['G02_ROUTINE', 'G05_SPRING', 'G05_SUMMER', 'G05_AUTUMN', 'G05_WINTER']"
kan***lh7265,2025-09-07,115,11,4,93.0,"['G03_REPURCHASE', 'G05_SPRING', 'G05_SUMMER', 'G05_AUTUMN', 'G05_WINTER']"
gue***wyz6853,2025-07-28,156,4,11,113.0,"['G03_REPURCHASE', 'G05_SPRING', 'G05_SUMMER', 'G05_AUTUMN', 'G05_WINTER']"
jun***pe3856,2025-12-30,1,1,0,,"['G01_WELCOME', 'G05_SPRING', 'G05_SUMMER', 'G05_AUTUMN', 'G05_WINTER']"
kan***ew4887,2025-04-19,256,191,3,240.0,"['G04_WINBACK', 'G05_SPRING', 'G05_SUMMER', 'G05_AUTUMN', 'G05_WINTER']"
sta***ig9557,2025-08-23,130,86,2,119.0,"['G03_REPURCHASE', 'G05_SPRING', 'G05_SUMMER', 'G05_AUTUMN', 'G05_WINTER']"
par***t2768,2025-12-15,16,6,1,8.0,"['G02_ROUTINE', 'G05_SPRING', 'G05_SUMMER', 'G05_AUTUMN', 'G05_WINTER']"
lov***w7399,2025-12-13,18,0,1,11.0,"['G02_ROUTINE', 'G05_SPRING', 'G05_SUMMER', 'G05_AUTUMN', 'G05_WINTER']"
kim***914,2025-12-31,0,0,0,,"['G01_WELCOME', 'G05_SPRING', 'G05_SUMMER', 'G05_AUTUMN', 'G05_WINTER']"
jun***yf6643,2025-08-27,126,65,7,119.0,"['G03_REPURCHASE', 'G05_SPRING', 'G05_SUMMER', 'G05_AUTUMN', 'G05_WINTER']"
gue***o9660,2025-12-14,17,6,1,7.0,"['G02_ROUTINE', 'G05_SPRING', 'G05_SUMMER', 'G05_AUTUMN', 'G05_WINTER']"
cho***nb8119,2025-06-18,196,63,8,116.0,"['G03_REPURCHASE', 'G05_SPRING', 'G05_SUMMER', 'G05_AUTUMN', 'G05_WINTER']"
sky***1088,2025-12-13,18,3,1,15.0,"['G02_ROUTINE', 'G05_SPRING', 'G05_SUMMER', 'G05_AUTUMN', 'G05_WINTER']"
cho***6943,2025-06-26,188,87,8,115.0,"['G03_REPURCHASE', 'G05_SPRING', 'G05_SUMMER', 'G05_AUTUMN', 'G05_WINTER']"
lov***x6386,2025-06-08,206,88,2,117.0,"['G03_REPURCHASE', 'G05_SPRING', 'G05_SUMMER', 'G05_AUTUMN', 'G05_WINTER']"
cho***1728,2025-07-22,162,85,1,94.0,"['G03_REPURCHASE', 'G05_SPRING', 'G05_SUMMER', 'G05_AUTUMN', 'G05_WINTER']"
use***a2043,2025-06-20,194,36,10,110.0,"['G03_REPURCHASE', 'G05_SPRING', 'G05_SUMMER', 'G05_AUTUMN', 'G05_WINTER']"
par***x1403,2025-12-18,13,1,0,,"['G01_WELCOME', 'G05_SPRING', 'G05_SUMMER', 'G05_AUTUMN', 'G05_WINTER']"
kim***069,2025-03-29,277,91,4,183.0,"['G04_WINBACK', 'G05_SPRING', 'G05_SUMMER', 'G05_AUTUMN', 'G05_WINTER']"
lee***251,2025-12-13,18,3,1,4.0,"['G02_ROUTINE', 'G05_SPRING', 'G05_SUMMER', 'G05_AUTUMN', 'G05_WINTER']"
lov***9317,2025-05-11,234,109,6,186.0,"['G04_WINBACK', 'G05_SPRING', 'G05_SUMMER', 'G05_AUTUMN', 'G05_WINTER']"
lee***g6926,2025-06-11,203,131,4,185.0,"['G04_WINBACK', 'G05_SPRING', 'G05_SUMMER', 'G05_AUTUMN', 'G05_WINTER']"
cho***2294,2025-12-18,13,8,0,,"['G01_WELCOME', 'G05_SPRING', 'G05_SUMMER', 'G05_AUTUMN', 'G05_WINTER']"
use***zq8579,2025-05-17,228,155,5,180.0,"['G04_WINBACK', 'G05_SPRING', 'G05_SUMMER', 'G05_AUTUMN', 'G05_WINTER']"
lee***883,2025-12-12,19,6,1,10.0,"['G02_ROUTINE', 'G05_SPRING', 'G05_SUMMER', 'G05_AUTUMN', 'G05_WINTER']"
par***6103,2025-12-20,11,11,0,,"['G01_WELCOME', 'G05_SPRING', 'G05_SUMMER', 'G05_AUTUMN', 'G05_WINTER']"
lee***b6682,2025-09-07,115,13,3,112.0,"['G03_REPURCHASE', 'G05_SPRING', 'G05_SUMMER', 'G05_AUTUMN', 'G05_WINTER']"
jun***2774,2025-06-08,206,91,8,186.0,"['G04_WINBACK', 'G05_SPRING', 'G05_SUMMER', 'G05_AUTUMN', 'G05_WINTER']"
lov***t1255,2025-06-27,187,35,10,106.0,"['G03_REPURCHASE', 'G05_SPRING', 'G05_SUMMER', 'G05_AUTUMN', 'G05_WINTER']"
sta***6438,2025-07-25,159,17,6,120.0,"['G03_REPURCHASE', 'G05_SPRING', 'G05_SUMMER', 'G05_AUTUMN', 'G05_WINTER']"
lee***7739,2025-12-16,15,1,1,1.0,"['G02_ROUTINE', 'G05_SPRING', 'G05_SUMMER', 'G05_AUTUMN', 'G05_WINTER']"
moo***s9628,2025-12-17,14,2,0,,"['G01_WELCOME', 'G05_SPRING', 'G05_SUMMER', 'G05_AUTUMN', 'G05_WINTER']"
use***3412,2025-02-16,318,174,9,258.0,"['G04_WINBACK', 'G05_SPRING', 'G05_SUMMER', 'G05_AUTUMN', 'G05_WINTER']"
sky***3548,2025-12-14,17,0,1,12.0,"['G02_ROUTINE', 'G05_SPRING', 'G05_SUMMER', 'G05_AUTUMN', 'G05_WINTER']"
kim***o1568,2025-08-20,133,15,12,94.0,"['G03_REPURCHASE', 'G05_SPRING', 'G05_SUMMER', 'G05_AUTUMN', 'G05_WINTER']"
blu***qv4762,2025-08-22,131,67,8,96.0,"['G03_REPURCHASE', 'G05_SPRING', 'G05_SUMMER', 'G05_AUTUMN', 'G05_WINTER']"
blu***ai2526,2025-12-11,20,14,1,19.0,"['G02_ROUTINE', 'G05_SPRING', 'G05_SUMMER', 'G05_AUTUMN', 'G05_WINTER']"
gue***wum5845,2025-12-16,15,14,1,15.0,"['G02_ROUTINE', 'G05_SPRING', 'G05_SUMMER', 'G05_AUTUMN', 'G05_WINTER']"
sta***y1034,2025-12-13,18,3,1,11.0,"['G02_ROUTINE', 'G05_SPRING', 'G05_SUMMER', 'G05_AUTUMN', 'G05_WINTER']"
sky***199,2025-06-29,185,49,14,103.0,"['G03_REPURCHASE', 'G05_SPRING', 'G05_SUMMER', 'G05_AUTUMN', 'G05_WINTER']"
kim***4426,2025-03-29,277,102,3,191.0,"['G04_WINBACK', 'G05_SPRING', 'G05_SUMMER', 'G05_AUTUMN', 'G05_WINTER']"
moo***iz6630,2025-12-30,1,0,0,,"['G01_WELCOME', 'G05_SPRING', 'G05_SUMMER', 'G05_AUTUMN', 'G05_WINTER']"
kan***vi4511,2025-12-25,6,2,0,,"['G01_WELCOME', 'G05_SPRING', 'G05_SUMMER', 'G05_AUTUMN', 'G05_WINTER']"
gue***cka6250,2025-06-05,209,138,5,171.0,"['G04_WINBACK', 'G05_SPRING', 'G05_SUMMER', 'G05_AUTUMN', 'G05_WINTER']"
blu***q4779,2025-12-26,5,2,0,,"['G01_WELCOME', 'G05_SPRING', 'G05_SUMMER', 'G05_AUTUMN', 'G05_WINTER']"
